CustomerID,CustomerName,CustomerEmail,CustomerPhone,CustomerAddress,MarketTrendID
1,Adam Peterson,ksilva@douglas.com,001-548-818-8555,"9233 Rice Drives
Saundersstad, AZ 90290",9
2,Alexis Fleming,olsonrobin@bullock.com,+1-653-618-0333x005,"171 Johnson Centers Suite 059
Stevenhaven, RI 97518",4
3,Lisa Green,leewelch@hotmail.com,001-673-978-3035x9736,"PSC 6045, Box 9515
APO AA 03896",4
4,Veronica Hunt,xroberson@yahoo.com,718-232-3159x77044,"1947 Amy Bridge
Nicoleland, GA 96264",4
5,Tammy Burke,seanwiley@gmail.com,001-879-082-8733,"2654 Angela Drive Apt. 403
West Sarahfort, CO 06983",8
6,Zachary Burnett,colelindsey@hotmail.com,+1-143-493-3938,"PSC 4278, Box 3669
APO AE 39169",2
7,Gerald Wilson,hpowell@yahoo.com,986.811.6043x2577,"3685 Luna Point
Port Rachel, MN 19095",1
8,Kayla Boyd,alexandergarcia@lawrence-allen.com,292-887-5083x181,"6149 Jasmine Passage Suite 626
South Keithhaven, WI 45211",1
9,Sara Hill,robert92@spencer.info,064-212-2789x05861,"PSC 9588, Box 8481
APO AA 03064",5
10,Sarah Hernandez,monica90@jones-cohen.com,720.043.6190,"469 William Trail Suite 052
Lake Hectorview, KS 69260",5
11,Carrie Gilbert,butlercatherine@duffy-brown.info,2445305450,"Unit 9899 Box 6105
DPO AP 34703",1
12,Deanna Martin,deborah56@yahoo.com,532.867.1904,"12394 Walter Springs
West Stephanie, AZ 75992",9
13,Lauren Lewis,thomasdwayne@gmail.com,+1-869-221-0311x642,"8747 Mcpherson Garden Suite 287
North Edwin, VT 57582",10
14,Ryan Brooks,dhill@thomas.biz,+1-209-884-0474,"6771 Richard Squares
West Jessica, WY 89766",7
15,Julia Russell,wwolf@gomez-cortez.net,+1-146-932-2757x685,"908 Christopher Plaza
Martinezton, RI 38899",1
16,William Howell,georgechambers@gmail.com,605-620-8834x498,"48749 Price Fields
East Laurabury, VT 51205",3
17,Sydney Greene,lawsonpaige@yahoo.com,+1-968-308-7729,"004 Burns Viaduct Apt. 515
Amandatown, GA 47030",6
18,Jeffrey Owens,dflores@hotmail.com,375-256-9809,"0570 Benjamin Light
Anthonystad, NJ 27977",4
19,Patrick Garza,michaela19@crosby.info,+1-917-325-0438,"09531 Shannon Points
Feliciaside, MI 57419",3
20,Benjamin Dean,anthonysims@sanford.org,608.299.2475x013,"USNV Ward
FPO AA 97774",4
21,Laurie Allen DVM,wilkersonnatalie@hotmail.com,3018783664,"5856 Jennifer Stravenue Suite 365
Ginashire, MN 02508",6
22,Nicole Malone,davidadams@hotmail.com,671-646-1571x52785,"979 Stein Fall
Emilyborough, MI 30397",2
23,Michael Byrd,brendasmith@gmail.com,(748)027-5361,"419 Adams Rue
Tiffanybury, AR 16743",1
24,Ross Jones,joannamatthews@mosley.com,403-702-3559x079,"074 Allen Estate Apt. 910
Lucasborough, DE 84966",2
25,Dennis Horton,cpowers@yahoo.com,+1-561-216-2126x7320,"PSC 5777, Box 6237
APO AP 87593",2
26,Megan Pineda,jessechoi@yahoo.com,001-236-496-2714x8054,"148 Waters Isle
North Andrea, ID 66307",8
27,Tanner Waters,tina97@gmail.com,(390)132-1875x3224,"45512 Sharon Stravenue
Pattersonchester, OR 02990",2
28,Lisa Hoffman,smithrichard@kent.com,001-369-985-0963x8235,"679 Katherine Knolls Apt. 301
Smithstad, ID 93395",2
29,Robert Grant,michelemendoza@gmail.com,009-792-6250,"PSC 7243, Box 0446
APO AE 79499",6
30,Kristi Collier,cheyenne29@mathews.com,001-386-325-8762x21636,"68981 Davis Cove Suite 888
Port Anneberg, NM 07431",8
31,Ruth Edwards,boydadam@williams-barnes.info,(714)825-1874,"2703 Armstrong Turnpike Apt. 616
East James, CA 72486",8
32,Aaron Fry,jeremiahhorn@melendez.net,(093)479-4064,"717 Patrick Path
Johnsonchester, LA 28987",6
33,Jaime Anderson,kristenwilliams@gmail.com,2221976721,"43850 Reed Isle
Davisland, AK 45480",7
34,Kelly Anderson,kirkthomas@hotmail.com,692-933-9414x2586,"320 Walker Valleys Suite 887
East Dana, LA 15004",4
35,Rhonda Hudson,gilbertchristian@yahoo.com,245.387.9734x30931,"9907 Huang Ford
Kristytown, IA 30717",6
36,Gary Davis,tararodriguez@henry.biz,(234)995-8298,"4359 Kelly Course Suite 646
South Charles, SD 83328",3
37,Kristie Jones,vlong@rodriguez.org,746-747-9441,"7487 Larry Groves Suite 121
Carrietown, NH 46843",2
38,Jason Gilbert,robertberry@gmail.com,+1-428-640-1527x97212,"76535 Gregory Trail
East Jeffreyland, MA 91083",4
39,Sarah Stanley,campbellfelicia@willis-alexander.info,+1-118-539-8564,"1565 Jack Harbors Apt. 086
Kennedyberg, TX 81933",5
40,Whitney Williams,drodriguez@matthews.com,+1-693-693-7935x398,"201 Darlene Lights
North Valerie, ME 49311",6
41,Theresa Gonzalez,andrew15@acosta.com,196-781-4642x024,"827 Taylor Green Apt. 957
South Danielle, AR 77795",4
42,Emily Johnson,marcgonzalez@miller-mccoy.com,(055)666-8612x5441,"PSC 8326, Box 7370
APO AP 12755",5
43,Francisco Powell,tammyhuynh@gmail.com,659-280-0827,"676 Mitchell Cliff
New Jeanburgh, AZ 45042",6
44,Thomas Braun,patrick97@hotmail.com,(526)102-1889x46557,"53675 Hines Expressway Apt. 463
New Gregory, TX 88789",8
45,Stephanie Smith,davidsonsusan@hotmail.com,+1-753-371-8898x5560,"Unit 8899 Box 5102
DPO AA 66860",4
46,Adam Tate,williamsmith@hotmail.com,1594267978,"Unit 4773 Box 6832
DPO AA 71305",10
47,Matthew King,eric23@miller.net,001-684-320-6274x474,"76179 Alex Valleys
North Kevin, AZ 52467",8
48,Danny Hays,steve25@johnson.com,014-795-9563x04219,"7974 Jeffrey Fords
Kaylafurt, MO 60975",8
49,Pamela Hansen,lwong@gmail.com,970-415-9524x25491,"382 Courtney Islands
Lake Misty, WV 49616",1
50,Isabel Lynch,hharrell@lopez.info,157-371-5492x4823,"3840 Clark Port Apt. 557
Zacharyview, NY 15995",10
51,Laura Zimmerman,chad25@duncan.com,237.294.4022x98453,"614 Fitzgerald Well
West Erikaville, NV 28071",10
52,Peggy James,kennethhernandez@kennedy.biz,001-318-281-7944x86794,"700 Levine Mall Suite 196
West Scott, OR 59477",7
53,Lynn Hamilton,tpacheco@blair.info,262-710-6081,"5841 Smith Islands
New Elizabethville, NE 88504",10
54,Jordan Rodriguez,jennifer43@mercado-russell.com,+1-677-809-4562x762,"92409 Mcgee Forest
South Sarahside, AL 94997",4
55,David Gray,michael25@moore-irwin.com,685-596-0822,"65968 Harrison Loaf Apt. 442
North Diana, MD 77317",9
56,Mrs. Katie Pacheco,breannaanderson@hotmail.com,(213)369-2323,"832 Timothy Throughway Suite 293
Port Johnathanhaven, CT 85027",3
57,Matthew Sullivan,medinajames@gmail.com,(529)091-0124x0057,"12796 Kimberly Green
Emilyton, CA 28517",3
58,Christina Allen MD,ibrown@gmail.com,501.961.1126,"112 Ramos Divide
Jessicafort, IN 26610",1
59,Gary Bishop,evanserin@hotmail.com,001-393-674-3774x22741,"6947 Mackenzie Manor Suite 606
Kennethmouth, GA 81544",9
60,Angela Thompson,wallen@gmail.com,(742)069-7182,"417 Christine Grove
Susanchester, VA 77538",8
61,Alexander Ramirez,thomasrobert@yahoo.com,889.190.8184x50396,"USNS Chung
FPO AP 56223",2
62,Jeremy Knapp MD,scottburns@lane.info,803-879-7246x3236,"USNS Wolfe
FPO AA 12448",5
63,Cynthia Rojas,michael01@brown-hendrix.com,333-220-9996x764,"6632 Kristen Plain
Hollyberg, WA 05563",6
64,Jason Curry PhD,longteresa@bush.com,487-907-0736x33032,"29177 Jonathan Lights
Port Joycefort, NE 22653",6
65,Jason Thompson,mgonzalez@mills.com,333.475.3901x4028,"579 Lyons Circle
Millerville, OH 18190",7
66,Mr. Steven Hernandez Jr.,lopezgary@malone-stone.com,095-269-3431,"32630 Logan Trafficway Apt. 296
Carrollville, TN 06334",1
67,Katelyn Lynn,ryoder@hays.biz,199-494-0476x55173,"1995 Jessica Trail Suite 453
East Edwin, MT 53600",5
68,Tami Silva,brianmills@neal.net,176.864.1482x454,"8209 Wayne Land Suite 183
North Jamesfurt, WY 17749",5
69,Patrick Kim,hallchristopher@hotmail.com,5864682042,"328 Li Rest Suite 342
Rodriguezport, ND 12430",7
70,Linda Murray,rwilson@yahoo.com,765.084.0711x8166,"41554 Madison Dale
Debbiefort, PA 76077",10
71,Cheryl Harrington,jason16@farrell.com,(673)336-0798x2092,"883 Jeffery Viaduct
Travisfort, CT 73255",1
72,Robert Davis,fmedina@clark.org,062.622.1297,"79009 Joshua Rest Apt. 406
Port Matthew, NE 55741",3
73,Jason Garcia,wolfejoshua@hotmail.com,(387)453-6640,"937 Simpson Locks Apt. 620
South Lancehaven, CT 67009",5
74,Edward King,jaimenguyen@lawrence.com,001-689-484-5396x83568,"USNV Silva
FPO AP 30458",3
75,Angela Sullivan,mswanson@brady.com,396.372.3232x887,"347 Pamela Isle
Rachaelberg, IN 87062",8
76,Joanne Scott,arodriguez@hotmail.com,935.981.3423x19074,"0178 Chris Square
Lake Amy, MD 61541",4
77,Scott Sutton,walkermicheal@yahoo.com,516-036-7260x7066,"510 Carpenter Coves Apt. 399
North Catherine, GA 00698",2
78,Kristy Torres,williamrichards@yahoo.com,004-638-0538x36535,"67208 Garrett Locks Apt. 619
Jacksonhaven, NE 65246",10
79,Jerry Lewis,rollinschristopher@gmail.com,431.842.0544,"9835 Reid Cliffs
Josephchester, FL 01823",5
80,Sabrina Davis,biancamurray@hotmail.com,001-452-612-0716x89592,"54091 Lam Meadows Apt. 496
East Kennethfort, MS 73598",8
81,Kelly Park,jonathan98@hotmail.com,(884)956-6721,"42523 Candice Turnpike
Port Tammy, NM 48224",3
82,Kathleen Rowe,gerald21@beck.com,1615798568,"38718 Guzman Ridge Apt. 457
Salinasfurt, HI 30632",9
83,Jeffrey Cannon,karen55@sellers.com,001-402-689-2986x5880,"3158 Matthew Camp Suite 995
Erikachester, NH 91442",8
84,Cheryl Diaz,bevans@hotmail.com,137.442.3316,"640 Steve Turnpike Suite 054
Amyfort, GA 28857",10
85,Andrew Wagner,hollowaydavid@gmail.com,+1-302-663-7054x1461,"182 Melissa Spurs Apt. 025
Jessicastad, VA 91099",2
86,Nathan Clark,jerry26@holmes.info,+1-549-712-5363,"065 Benjamin Manors Apt. 746
South Bonnie, NJ 05194",7
87,Joshua Bright,jerry80@yahoo.com,(081)794-7826x80889,"2149 Travis Point Apt. 317
Port April, SC 58727",5
88,Michael Edwards,tmoore@yahoo.com,(893)072-9371,"930 Lindsey Springs Apt. 146
North Colleen, NV 37287",8
89,Megan Martin,henryperkins@hotmail.com,(084)520-9658x4956,"USNS Lynch
FPO AP 52745",7
90,Sarah Carter,gonzalezjames@hotmail.com,4120048353,"USNS Jackson
FPO AA 88748",1
91,Michael Williams,karen11@cummings.com,001-894-155-9861x981,"196 Mccall Meadow Apt. 705
East Troy, MD 74681",8
92,Jaime James,cmunoz@gmail.com,513-149-7024x20328,"40363 Delgado Unions
Port Daisy, DE 14833",7
93,Mallory Green,jcox@alvarez-lopez.com,(491)358-7652x5408,"569 John Passage
North John, UT 78053",7
94,Jeremiah Pugh,elizabethjensen@gmail.com,802.522.0986x1014,"7748 Jeremy Shoal
Port Tyler, CO 69209",1
95,Mike Hunt,garydavis@yahoo.com,001-588-307-0497x447,"Unit 6912 Box 1303
DPO AA 31479",10
96,Olivia Smith,michael10@gmail.com,+1-727-498-2474x4595,"4909 Jon Rue
Donaldshire, IA 51751",5
97,Shawna Smith,browndarin@silva.biz,201-170-7309x7352,"693 Hawkins Fall Apt. 682
Kathymouth, OH 11240",2
98,Glenn Horne,odonnelljoseph@anderson-gray.com,223-715-9036,"29119 Paul Pass Suite 004
Vernonport, TX 17544",3
99,Joseph Baker,hendersonjulie@yahoo.com,+1-102-537-8006,"68718 Terri Lock
Russellburgh, AK 11814",1
100,Brian Watts,willisnancy@gonzales.org,001-274-426-2555,"372 Robertson Rapid
Lake John, UT 39945",6
101,Kelly Gomez,ctaylor@hernandez.org,324-157-5638x80627,"2774 Walters Plaza Apt. 235
Reynoldsstad, IN 80586",3
102,Selena Wheeler,tamararose@hodges-rodriguez.info,001-439-947-3510x1070,"32718 John Corners
Port Donald, MD 83984",7
103,Teresa Thomas,juliecook@hotmail.com,001-958-678-4364x2495,"4922 Jeffrey Lodge
East Jennifertown, GA 91115",3
104,William King,vaughnmichael@peterson.com,8255843701,"00938 Brittany Groves Suite 273
Katherinemouth, NV 11454",5
105,Victoria Patrick,cookrobert@gmail.com,050.882.1806x276,"3541 Holland Square
Barbaraville, UT 17640",4
106,Amanda Gross,tjackson@watts.com,+1-995-777-4224x4799,"05230 Page Mountain Apt. 566
Port Natalieview, MA 82495",9
107,Thomas Ross,danielhull@gmail.com,172.821.1680,"737 Smith Ports
Lake Tyler, DC 92419",8
108,Christine Beck,youngvalerie@hotmail.com,886.696.9336x85388,"9331 Melissa Landing
Barnesborough, WV 45011",7
109,Christy Richmond MD,ethanowens@odonnell-castro.com,(989)132-9906,"4848 Kennedy Meadows Apt. 988
West John, CO 33893",10
110,Travis Morris,fandersen@hotmail.com,+1-522-988-3439x0385,"7458 Phillip Mill
Allenfurt, FL 97486",6
111,Gilbert Fowler,charles52@yahoo.com,+1-098-898-1052,"0291 Santos Rapids
Frankside, ND 61778",3
112,Michael Williams,anthonyzuniga@reyes.com,+1-254-396-1826x774,"143 Heather Bypass
Port Gregorybury, OH 91704",2
113,Nicole Bennett,millerjustin@morton.net,172-126-7673,"506 Antonio Ferry Apt. 676
Parkerport, WV 57440",1
114,Elizabeth Spencer,floresscott@yahoo.com,199-898-0380,"Unit 2461 Box 9229
DPO AP 44842",6
115,Mark Holland,cortezmiranda@hotmail.com,(595)328-1918x30902,"7789 William Ville
Sanchezmouth, TN 40257",2
116,Dustin Morris,jeffreywhitney@yahoo.com,822.628.2072x923,"033 Kendra Greens Suite 255
East Robert, RI 71128",7
117,Cody Beck,thomasjones@yahoo.com,454.593.2488x316,"USNS Andrews
FPO AP 77840",2
118,Kim Higgins,wnguyen@hotmail.com,+1-889-863-7512x5861,"71984 Turner Road
Port Malloryfurt, MD 45204",2
119,William Brown,riversandrea@powers.net,+1-283-752-4054x8451,"PSC 5532, Box 3747
APO AA 98918",10
120,Brent Williams,richardwoods@hotmail.com,+1-774-057-6759x868,"PSC 6884, Box 8411
APO AE 04267",4
121,Kara Anderson,jessicaproctor@hotmail.com,+1-887-985-0362x79282,"7105 Harrison Manor Apt. 739
Brendahaven, NC 82526",3
122,Cameron Hardy,rogerconley@hotmail.com,(865)954-4557x0547,"612 Salazar Road
Michaelhaven, NJ 14791",7
123,Andrew Garner,walterswhitney@mcbride.com,(125)459-8179x0737,"869 Elizabeth Extensions
East Randyfurt, NY 25767",8
124,David Long,loveluis@yahoo.com,001-218-671-9791x743,"980 Cochran Prairie Suite 105
South Grace, AL 30674",4
125,Michael Walker,apham@yahoo.com,461.957.4547x449,"371 Wiggins Heights
West Wesley, DC 04647",10
126,Joel Ortiz,scastro@thomas-montoya.net,+1-514-370-7156x421,"60820 Campbell Landing Suite 562
West Darlenetown, NV 18075",8
127,Dale Thompson,powelldaniel@gmail.com,021-941-6707,"599 Davis Pike Apt. 184
Donaldmouth, CO 63733",7
128,Michael Waters,mark41@larson-brooks.com,001-664-670-5906x873,"0915 Smith Rest Apt. 490
Heatherberg, RI 44536",9
129,Tara Clark,melissaparsons@fowler.com,+1-138-341-7403x167,"USS Gonzalez
FPO AP 73586",7
130,Colleen Phelps,fryejonathan@gmail.com,001-887-772-7425x8393,"5242 Harrell Harbors Suite 620
Brownview, OR 37952",7
131,Derrick Morris,aferrell@yahoo.com,(956)244-3885x48441,"251 Randall Knolls
New Brittanyberg, NY 38853",7
132,Barbara Harris,carterlance@yahoo.com,001-403-342-4402x302,"26600 Shannon Ramp
North Melissaview, MT 14389",1
133,John Rocha,tammy02@gmail.com,(272)322-3238,"575 Fleming Loaf
Sarahstad, NE 68978",2
134,Dylan Russell,eweiss@hotmail.com,001-395-556-8924x727,"016 John Ports Apt. 840
Lake Eddie, ID 06163",8
135,Scott Kelly,edwinboyer@hotmail.com,+1-624-941-9435x47903,"7668 Marc Wells Suite 264
Lisaview, WI 37048",9
136,Marisa Goodwin,krystalflores@hotmail.com,938.644.0313,"141 John Flats Apt. 245
Lake Brianview, TX 62467",4
137,Christine Reed,cdavis@hutchinson-burns.info,(394)302-0254x4035,"5810 Torres Field
New John, OR 51575",4
138,Tammy Blanchard,vjohnson@gmail.com,+1-411-059-1799x0844,"8298 Mckenzie Crescent Suite 290
Lake Alexisfurt, FL 19438",10
139,Brandon Wang,uharris@anderson.com,+1-952-312-7881,"45883 Misty Vista
East Christopher, MD 45739",7
140,Lauren Green,melissaenglish@hotmail.com,001-385-861-5955x7427,"USNV Rivera
FPO AA 15794",6
141,Jeffrey Brown,katrina81@howell-carter.com,139.135.3672,"2211 Anthony Tunnel Apt. 423
Lake Kimberlyfort, TN 08272",10
142,Jill Good,solomonbrittney@hansen.com,001-883-718-2060x4526,"9661 Morgan Fork
Danielbury, SC 17019",3
143,Catherine May,lisathompson@smith.net,001-015-450-5886,"9511 Rodriguez Squares Suite 657
Wilsonmouth, NM 07860",2
144,Ryan Williams,kimberlywilliams@preston-ingram.com,545-619-3317,"21655 Franco Landing Apt. 954
Lake Elizabeth, MA 11768",8
145,Francisco Fletcher,joann83@valdez.com,749-737-4498x030,"1461 Mcdonald Ranch Suite 222
North Joshuaton, VT 08872",1
146,Kevin Williams,vcampbell@jackson.info,856.041.5120x23408,"5776 Michael Rapids
South Garyshire, IA 69983",9
147,Mario Johnson,elizabeth27@crosby-powers.com,395.035.2437x6274,"06975 Travis Trail
South Chloetown, WY 49469",9
148,James Levy,samuelsmith@gmail.com,250-912-0559,"52731 Mcdaniel Squares
Gilesside, IA 00793",2
149,James Peterson,michaelfuller@hotmail.com,+1-931-372-5634x1050,"6429 Carlson Extensions Suite 415
Lake Heatherton, MS 31273",1
150,Amber Delgado,christophercook@gmail.com,001-239-748-1345x3604,"4110 Gregory Harbor
Ritastad, OR 13820",5
151,Michael Stein,zreid@caldwell.biz,032.861.8118x38262,"95645 Jeremy Shoal
Lozanomouth, ID 57148",1
152,Cathy Kennedy,beltranrichard@yahoo.com,(995)801-9042x727,"9255 Peter Estates
New Matthewburgh, WY 22409",9
153,Christina Hughes,danielli@price.com,615.607.2507x47874,"24193 Kayla Divide
South Danielstad, SC 01620",9
154,Jordan Thomas,egreen@yahoo.com,(026)028-9469,"0975 Bruce Burg Apt. 359
Fryemouth, FL 24889",6
155,Kenneth Farrell,christymiddleton@gmail.com,492-326-9921x5561,"Unit 9827 Box 2544
DPO AE 66395",2
156,Adam Arnold,hodgekyle@stanley.biz,977.800.2081,"082 Tiffany Lodge Suite 297
New Dianaland, OK 50254",7
157,Paul Gray,butlerleslie@gmail.com,001-548-440-9426,"927 Arroyo Road
Jesusburgh, NY 84742",1
158,Brian Fry,elizabeth82@yahoo.com,(621)793-6270x11420,"3205 Ashley Canyon
South Sharonstad, VT 38918",5
159,Michael Booker,ddavis@garcia-vasquez.com,447-473-2213x6126,"90532 Gregory Ports Apt. 518
West Kimberlymouth, TX 68384",9
160,Devon Lee,kristinandrade@yahoo.com,8755573083,"0104 Kevin Stravenue
Odomberg, MS 56025",10
161,Joseph Gilbert,colemanrichard@hotmail.com,3001070667,"12811 Karl Plains Apt. 375
South Kennethborough, NE 93777",2
162,Felicia Smith,dale85@thompson.com,001-489-612-1974x32551,"USCGC Alexander
FPO AE 93563",9
163,Stanley Garcia,gary08@gmail.com,+1-104-140-9708x007,"178 Murphy Mall Apt. 147
Port Elijahstad, MD 91507",7
164,Stephanie Jacobson,kosborne@gmail.com,(039)860-4665,"861 Gutierrez Springs Suite 822
North Michelestad, SD 48040",2
165,Stephanie Payne,hashley@patel.com,001-973-756-6014x06997,"21164 Allen Prairie Apt. 783
Juarezshire, FL 04115",5
166,Thomas Guerrero,samantha67@willis-hill.com,084-105-5004,"7476 Ramos Circle Suite 307
North Mark, MD 62157",9
167,David Freeman,hmartin@hanna-coleman.org,382-197-1104x98795,"43830 Anthony Village Suite 396
Port Michael, MO 89809",1
168,Danielle Johnson,sonyarodriguez@gmail.com,+1-594-841-6883x49766,"493 Kelly Pines
Hendersonfurt, NC 65245",8
169,Jennifer Thompson,colleendavis@yahoo.com,137.146.5763,"2675 Stephanie Burgs
North Angela, HI 16170",8
170,Lisa Park,mcdanielernest@yahoo.com,097.095.1762x994,"USNS Brown
FPO AE 07221",6
171,Anna Blackwell,linda05@hotmail.com,651-965-3432x851,"4020 Wright Mission Suite 505
Port Adamberg, SD 30842",4
172,Mrs. Sandra Nichols,cmoody@haas-murray.com,001-693-630-5616,"74521 Ortiz Springs Suite 634
Kellyview, CA 09611",1
173,Ashley Rose,dpearson@gmail.com,+1-953-691-4246,"7957 Garcia Ranch
West Christopher, OK 82792",4
174,Nathan David,charlesjohnson@hotmail.com,(500)327-2967,"89757 Jones Courts
Sotofort, MT 69834",6
175,Sarah Adams,clarkshane@gmail.com,2971155824,"6217 Johnson Village Suite 786
New Brianhaven, ND 09413",8
176,Matthew Parker,tanyamiller@evans.net,228-616-3845,"250 Heather Shoals Apt. 999
Lake Zachary, MI 40911",5
177,Anthony Rodriguez,renee02@hotmail.com,(889)398-4016x61918,"70602 Klein Tunnel
North Bradtown, DC 50315",9
178,Patricia Jones,kcabrera@johnson.net,979-582-8637x0081,"3094 Hayden Shores
Lake Kennethville, PA 58092",10
179,Justin Sharp,alexissharp@yahoo.com,591.118.0954x38178,"2957 Dale Ramp
Woodshire, NC 53979",4
180,Kyle Castaneda II,george08@bennett.biz,001-402-118-6317,"7625 Danielle Neck
Lake Bobbyburgh, AK 74861",8
181,Aaron Kelly,ipeterson@yahoo.com,470-420-1126x675,"82642 Bean Canyon
New Pennytown, KY 63533",1
182,Charles Austin,hudsongarrett@gmail.com,(965)821-5082x38926,"449 Rivas Hill
South Stephanie, KY 14973",7
183,Rhonda Jones,justinmurphy@young-riley.biz,939.661.9169x8998,"751 Garcia Avenue Apt. 826
Johnville, MT 45694",7
184,Michael Hernandez,ashleyosborne@gmail.com,491.480.3926,"29206 Lance Mission Apt. 231
New Matthewton, IA 73450",6
185,Alexandria Brown,vincentfuentes@velasquez.com,+1-867-289-3860,"48034 Fowler Gateway
Nathanchester, IN 72691",8
186,Ryan Conner,elizabethpage@johnson.com,+1-374-552-6158x33889,"82219 Timothy Forge Apt. 067
Bowenbury, KS 09266",7
187,Tyler Willis,misty27@yu-gibbs.org,(704)685-4248,"39739 Jones Mount
Jonesburgh, MS 40434",8
188,Shelia Gilbert,mhamilton@gmail.com,652.780.3812,"4507 Beth Roads Apt. 036
Rebekahshire, CT 36823",3
189,Alexandria Thompson,uthomas@dean-lewis.info,960.479.6726x102,"42298 Guzman Grove
Mayerhaven, UT 15237",1
190,Stephen Dawson,susanferguson@yahoo.com,578-392-4532x9206,"92341 Mitchell Mountains Suite 378
Yangview, MT 45618",8
191,Justin Wang,sdean@yahoo.com,019-680-8993,"249 Brown Drive
Cookeland, CT 32301",4
192,Cynthia Webster,michaelmurphy@warren.biz,+1-266-309-4124x377,"37754 Danielle Spring
Lisatown, NJ 35317",3
193,Adam Wall MD,tonymitchell@anderson.com,303.679.0607,"04147 Ramos Terrace
South Anahaven, OH 58096",9
194,Charles Jenkins,freemancourtney@gmail.com,2847514888,"1679 Nicole Point Suite 680
South Kaylafurt, AR 08375",9
195,Chad Clark,derek71@yahoo.com,(894)015-6952,"PSC 0909, Box 0836
APO AA 14488",6
196,Patricia Hamilton,tholder@gmail.com,974.587.1468,"768 Houston Lodge Suite 292
Barrerachester, MO 69380",7
197,Daniel Gibson,lesliethomas@carroll.com,197-483-5238,"1688 Johnson Summit
New Cory, VT 87583",3
198,Terri Hamilton,jacob18@hotmail.com,(657)102-7997,"197 Thomas Meadow Suite 049
New Michaelport, WY 43881",9
199,Darryl Hernandez,ajohnston@gmail.com,365.915.4827,"3487 Day Groves Suite 625
West Raymondview, NV 44651",4
200,Robert Barnes,jason44@gmail.com,(686)766-3390x751,"30626 Hamilton Plaza Apt. 798
New Natalie, AK 25962",5
